{
  "lang":"en",
  "name":"pipeline",
  "version":"0.0.0",
  "spacy_version":">=3.8.4,<3.9.0",
  "description":"",
  "author":"",
  "email":"",
  "url":"",
  "license":"",
  "spacy_git_version":"85cc763",
  "vectors":{
    "width":0,
    "vectors":0,
    "keys":0,
    "name":null,
    "mode":"default"
  },
  "labels":{
    "tok2vec":[

    ],
    "ner":[
      "CARDINAL",
      "DATE",
      "EVENT",
      "FAC",
      "GPE",
      "LANGUAGE",
      "LAW",
      "LOC",
      "MONEY",
      "NORP",
      "ORDINAL",
      "ORG",
      "PERCENT",
      "PERSON",
      "PRODUCT",
      "QUANTITY",
      "TIME",
      "WORK_OF_ART"
    ]
  },
  "pipeline":[
    "tok2vec",
    "ner"
  ],
  "components":[
    "tok2vec",
    "ner"
  ],
  "disabled":[

  ],
  "performance":{
    "ents_f":0.71784737,
    "ents_p":0.7382739212,
    "ents_r":0.6985207101,
    "ents_per_type":{
      "MONEY":{
        "p":0.7352941176,
        "r":0.4901960784,
        "f":0.5882352941
      },
      "ORG":{
        "p":0.7048846676,
        "r":0.6912840985,
        "f":0.6980181391
      },
      "LOC":{
        "p":0.0,
        "r":0.0,
        "f":0.0
      },
      "CARDINAL":{
        "p":0.90625,
        "r":0.8900255754,
        "f":0.8980645161
      },
      "ORDINAL":{
        "p":0.9613259669,
        "r":0.9720670391,
        "f":0.9666666667
      },
      "PERSON":{
        "p":0.4166666667,
        "r":0.2849740933,
        "f":0.3384615385
      },
      "LAW":{
        "p":0.45,
        "r":0.45,
        "f":0.45
      },
      "PRODUCT":{
        "p":0.2621359223,
        "r":0.25,
        "f":0.2559241706
      },
      "GPE":{
        "p":0.5154639175,
        "r":0.5555555556,
        "f":0.5347593583
      },
      "LANGUAGE":{
        "p":0.7608695652,
        "r":0.9722222222,
        "f":0.8536585366
      },
      "NORP":{
        "p":0.7352941176,
        "r":0.7042253521,
        "f":0.7194244604
      },
      "PERCENT":{
        "p":0.8705882353,
        "r":0.7956989247,
        "f":0.8314606742
      },
      "QUANTITY":{
        "p":0.0909090909,
        "r":0.1,
        "f":0.0952380952
      },
      "DATE":{
        "p":0.8235294118,
        "r":0.7291666667,
        "f":0.773480663
      },
      "WORK_OF_ART":{
        "p":0.1,
        "r":0.0434782609,
        "f":0.0606060606
      },
      "TIME":{
        "p":1.0,
        "r":0.3076923077,
        "f":0.4705882353
      },
      "FAC":{
        "p":0.3333333333,
        "r":0.0555555556,
        "f":0.0952380952
      },
      "EVENT":{
        "p":0.0,
        "r":0.0,
        "f":0.0
      }
    },
    "tok2vec_loss":1997.7871774551,
    "ner_loss":1434.2817382812
  }
}