{
  "lang":"en",
  "name":"pipeline",
  "version":"0.0.0",
  "spacy_version":">=3.8.4,<3.9.0",
  "description":"",
  "author":"",
  "email":"",
  "url":"",
  "license":"",
  "spacy_git_version":"85cc763",
  "vectors":{
    "width":0,
    "vectors":0,
    "keys":0,
    "name":null,
    "mode":"default"
  },
  "labels":{
    "tok2vec":[

    ],
    "ner":[
      "DATE",
      "EVENT",
      "GPE",
      "LOC",
      "NORP",
      "ORG",
      "PERSON",
      "WORK_OF_ART"
    ]
  },
  "pipeline":[
    "tok2vec",
    "ner"
  ],
  "components":[
    "tok2vec",
    "ner"
  ],
  "disabled":[

  ],
  "performance":{
    "ents_f":0.8401050588,
    "ents_p":0.8508512213,
    "ents_r":0.8296269566,
    "ents_per_type":{
      "LOC":{
        "p":0.8533418205,
        "r":0.9047104872,
        "f":0.8782756813
      },
      "PERSON":{
        "p":0.7960264901,
        "r":0.7182551539,
        "f":0.7551437098
      },
      "DATE":{
        "p":0.9020158204,
        "r":0.8624054647,
        "f":0.8817660264
      },
      "ORG":{
        "p":0.7493949987,
        "r":0.7041435068,
        "f":0.7260648691
      },
      "GPE":{
        "p":0.9659278862,
        "r":0.9214263175,
        "f":0.9431524548
      },
      "WORK_OF_ART":{
        "p":0.2903225806,
        "r":0.1111111111,
        "f":0.1607142857
      },
      "NORP":{
        "p":0.8571428571,
        "r":0.2352941176,
        "f":0.3692307692
      },
      "EVENT":{
        "p":0.6285714286,
        "r":0.4,
        "f":0.4888888889
      }
    },
    "tok2vec_loss":2054.8319026078,
    "ner_loss":5042.7275390625
  }
}