{
  "lang":"en",
  "name":"pipeline",
  "version":"0.0.0",
  "spacy_version":">=3.8.4,<3.9.0",
  "description":"",
  "author":"",
  "email":"",
  "url":"",
  "license":"",
  "spacy_git_version":"85cc763",
  "vectors":{
    "width":0,
    "vectors":0,
    "keys":0,
    "name":null,
    "mode":"default"
  },
  "labels":{
    "tok2vec":[

    ],
    "ner":[
      "DATE",
      "EVENT",
      "GPE",
      "LOC",
      "NORP",
      "ORG",
      "PERSON",
      "WORK_OF_ART"
    ]
  },
  "pipeline":[
    "tok2vec",
    "ner"
  ],
  "components":[
    "tok2vec",
    "ner"
  ],
  "disabled":[

  ],
  "performance":{
    "ents_f":0.8410512007,
    "ents_p":0.8448409267,
    "ents_r":0.8372953223,
    "ents_per_type":{
      "ORG":{
        "p":0.7787356322,
        "r":0.684689237,
        "f":0.7286905082
      },
      "DATE":{
        "p":0.8605150215,
        "r":0.8804586485,
        "f":0.8703726034
      },
      "PERSON":{
        "p":0.7469364491,
        "r":0.7830893337,
        "f":0.7645857643
      },
      "LOC":{
        "p":0.8677912907,
        "r":0.8956674315,
        "f":0.8815090329
      },
      "GPE":{
        "p":0.9686468647,
        "r":0.9261596718,
        "f":0.9469269237
      },
      "WORK_OF_ART":{
        "p":0.2068965517,
        "r":0.1481481481,
        "f":0.1726618705
      },
      "NORP":{
        "p":0.75,
        "r":0.2941176471,
        "f":0.4225352113
      },
      "EVENT":{
        "p":0.7272727273,
        "r":0.4363636364,
        "f":0.5454545455
      }
    },
    "tok2vec_loss":1698.8126714405,
    "ner_loss":5450.19921875
  }
}