{
  "lang":"en",
  "name":"pipeline",
  "version":"0.0.0",
  "spacy_version":">=3.8.4,<3.9.0",
  "description":"",
  "author":"",
  "email":"",
  "url":"",
  "license":"",
  "spacy_git_version":"85cc763",
  "vectors":{
    "width":0,
    "vectors":0,
    "keys":0,
    "name":null,
    "mode":"default"
  },
  "labels":{
    "tok2vec":[

    ],
    "ner":[
      "CARDINAL",
      "DATE",
      "EVENT",
      "FAC",
      "GPE",
      "LANGUAGE",
      "LAW",
      "LOC",
      "MONEY",
      "NORP",
      "ORDINAL",
      "ORG",
      "PERCENT",
      "PERSON",
      "PRODUCT",
      "QUANTITY",
      "TIME",
      "WORK_OF_ART"
    ]
  },
  "pipeline":[
    "tok2vec",
    "ner"
  ],
  "components":[
    "tok2vec",
    "ner"
  ],
  "disabled":[

  ],
  "performance":{
    "ents_f":0.7277392092,
    "ents_p":0.7427603204,
    "ents_r":0.7133136095,
    "ents_per_type":{
      "MONEY":{
        "p":0.5135135135,
        "r":0.3725490196,
        "f":0.4318181818
      },
      "ORG":{
        "p":0.6714801444,
        "r":0.7425149701,
        "f":0.7052132701
      },
      "CARDINAL":{
        "p":0.8689320388,
        "r":0.915601023,
        "f":0.8916562889
      },
      "ORDINAL":{
        "p":0.9516129032,
        "r":0.9888268156,
        "f":0.9698630137
      },
      "PERSON":{
        "p":0.4791666667,
        "r":0.2383419689,
        "f":0.3183391003
      },
      "FAC":{
        "p":0.2307692308,
        "r":0.1666666667,
        "f":0.1935483871
      },
      "PRODUCT":{
        "p":0.4029850746,
        "r":0.25,
        "f":0.3085714286
      },
      "GPE":{
        "p":0.7551020408,
        "r":0.4111111111,
        "f":0.5323741007
      },
      "LANGUAGE":{
        "p":0.8461538462,
        "r":0.9166666667,
        "f":0.88
      },
      "NORP":{
        "p":0.8888888889,
        "r":0.676056338,
        "f":0.768
      },
      "PERCENT":{
        "p":0.8620689655,
        "r":0.8064516129,
        "f":0.8333333333
      },
      "DATE":{
        "p":0.890625,
        "r":0.59375,
        "f":0.7125
      },
      "WORK_OF_ART":{
        "p":0.2,
        "r":0.0434782609,
        "f":0.0714285714
      },
      "TIME":{
        "p":0.0,
        "r":0.0,
        "f":0.0
      },
      "LAW":{
        "p":1.0,
        "r":0.4,
        "f":0.5714285714
      },
      "EVENT":{
        "p":0.0,
        "r":0.0,
        "f":0.0
      },
      "LOC":{
        "p":0.0,
        "r":0.0,
        "f":0.0
      },
      "QUANTITY":{
        "p":0.0,
        "r":0.0,
        "f":0.0
      }
    },
    "tok2vec_loss":1648.4818927519,
    "ner_loss":1942.0848388672
  }
}